{"skeleton":{"hash":"Tv2zL37QFw1kNTB/jZJS1rGyZH0","spine":"3.8.99","x":-191.71,"y":8.62,"width":386,"height":747,"images":"./images/","audio":"C:/Users/Admin/Desktop/Doll 3D/PA/OP 02"},"bones":[{"name":"root","scaleX":0.5,"scaleY":0.5},{"name":"bone","parent":"root"}],"slots":[{"name":"pose","bone":"bone","attachment":"Layer 1"}],"skins":[{"name":"default","attachments":{"pose":{"Layer 1":{"x":2.59,"y":764.24,"width":772,"height":1494},"image_018_0002":{"x":2.59,"y":762.24,"width":770,"height":1498},"image_018_0004":{"x":1.09,"y":758.24,"width":763,"height":1512},"image_018_0006":{"x":-0.41,"y":752.74,"width":754,"height":1531},"image_018_0008":{"x":-1.91,"y":746.74,"width":743,"height":1555},"image_018_0010":{"x":-3.91,"y":740.24,"width":731,"height":1580},"image_018_0012":{"x":-4.91,"y":733.74,"width":719,"height":1605},"image_018_0014":{"x":-6.91,"y":726.24,"width":709,"height":1632},"image_018_0016":{"x":-7.41,"y":722.24,"width":700,"height":1650},"image_018_0018":{"x":-8.41,"y":720.74,"width":692,"height":1661},"image_018_0020":{"x":-8.41,"y":720.24,"width":688,"height":1666}}}}],"animations":{"idle":{},"pose":{"slots":{"pose":{"attachment":[{"time":0.0333,"name":"image_018_0002"},{"time":0.0667,"name":"image_018_0004"},{"time":0.1,"name":"image_018_0006"},{"time":0.1333,"name":"image_018_0008"},{"time":0.1667,"name":"image_018_0010"},{"time":0.2,"name":"image_018_0012"},{"time":0.2333,"name":"image_018_0014"},{"time":0.2667,"name":"image_018_0016"},{"time":0.3,"name":"image_018_0018"},{"time":0.3333,"name":"image_018_0020"}]}}}}}