{"skeleton":{"hash":"oLT4jeYI/iVpkZj5jQ5W1O36LDI","spine":"3.8.99","x":-384.79,"y":-433.63,"width":832.7,"height":805.36,"images":"./images/","audio":"C:/Users/Admin/Desktop/Doll Makeover/Remake/Tool/Shaver"},"bones":[{"name":"root"},{"name":"bone","parent":"root","length":821.04,"rotation":129.87,"x":418.72,"y":-527.47}],"slots":[{"name":"tools","bone":"bone","attachment":"tools"}],"skins":[{"name":"sponge","attachments":{"tools":{"tools":{"name":"sponge","x":629.26,"y":-21.18,"rotation":-89.46,"width":702,"height":460}}}}],"animations":{"action":{"bones":{"bone":{"rotate":[{},{"time":0.3333,"angle":6},{"time":0.6667}],"translate":[{},{"time":0.3333,"x":81.71,"y":-81.71},{"time":0.6667}]}}},"idle":{}}}