{"skeleton":{"hash":"nU96tdbvRifEO9tsUdBWj7MMjVw","spine":"3.8.99","x":-235.11,"y":38.38,"width":431.56,"height":304.58,"images":"./images/","audio":"D:/Project_CosmeticSurgery/Spine_Work/Tool/Bug/Beard"},"bones":[{"name":"root"},{"name":"all","parent":"root"},{"name":"hair01","parent":"all","x":-77.28,"y":335.64},{"name":"hair02","parent":"all","x":-180.25,"y":292.67},{"name":"hair03","parent":"all","x":1.41,"y":290.84}],"slots":[{"name":"hair01","bone":"hair01","attachment":"hair01"},{"name":"hair02","bone":"hair02","attachment":"hair02"},{"name":"hair03","bone":"hair03","attachment":"hair03"}],"skins":[{"name":"hair_type01","attachments":{"hair01":{"hair01":{"x":34.22,"y":-95.14,"width":178,"height":203}},"hair02":{"hair02":{"x":39.15,"y":-100.16,"width":188,"height":206}},"hair03":{"hair03":{"x":39.15,"y":-100.16,"rotation":100.48,"width":260,"height":269}}}}],"animations":{"action":{"slots":{"hair01":{"color":[{"color":"ffffff00","curve":0.295,"c2":0.09,"c3":0.75},{"time":0.3333,"color":"ffffffff","curve":0.295,"c2":0.09,"c3":0.75},{"time":1.0333,"color":"ffffff00"}]},"hair02":{"color":[{"color":"ffffffff","curve":0.295,"c2":0.09,"c3":0.75},{"time":0.8333,"color":"ffffff00"}]},"hair03":{"color":[{"color":"ffffffff","curve":0.295,"c2":0.09,"c3":0.75},{"time":0.5667,"color":"ffffff00"}]}},"bones":{"hair01":{"rotate":[{"curve":0.295,"c2":0.09,"c3":0.75},{"time":1.0333,"angle":37.69}],"translate":[{"x":-99.35,"y":134.11,"curve":0.295,"c2":0.09,"c3":0.75},{"time":1.0333,"x":-150.81,"y":-1338.36}]},"hair02":{"rotate":[{"curve":0.295,"c2":0.09,"c3":0.75},{"time":0.8333,"angle":41.94}],"translate":[{"x":116.95,"y":142.76,"curve":0.295,"c2":0.09,"c3":0.75},{"time":0.8333,"x":198.54,"y":-1289.68}]},"hair03":{"rotate":[{"curve":0.295,"c2":0.09,"c3":0.75},{"time":0.5667,"angle":41.94}],"translate":[{"x":116.95,"y":142.76,"curve":0.295,"c2":0.09,"c3":0.75},{"time":0.5667,"x":198.54,"y":-1289.68}]},"all":{"rotate":[{}],"translate":[{}]}}},"idle":{"slots":{"hair01":{"color":[{"color":"ffffff00"}],"attachment":[{"name":null}]},"hair02":{"color":[{"color":"ffffffff"}],"attachment":[{"name":null}]},"hair03":{"color":[{"color":"ffffffff"}],"attachment":[{"name":null}]}},"bones":{"hair01":{"rotate":[{}],"translate":[{"x":-99.35,"y":134.11}]},"hair02":{"rotate":[{}],"translate":[{"x":116.95,"y":142.76}]},"hair03":{"rotate":[{}],"translate":[{"x":116.95,"y":142.76}]},"all":{"rotate":[{}],"translate":[{}]}}}}}