{"skeleton":{"hash":"3EDnxaK/iNF8t7nMrxpld2p7IVM","spine":"3.8.99","x":-217.01,"y":-610.2,"width":758.44,"height":816.19,"images":"./images/","audio":"C:/Users/Admin/Desktop/Doll Makeover/Remake/Tool/Shaver"},"bones":[{"name":"root"},{"name":"bone","parent":"root","length":821.04,"rotation":129.87,"x":418.72,"y":-527.47}],"slots":[{"name":"tools","bone":"bone","attachment":"tools"}],"skins":[{"name":"comb","attachments":{"tools":{"tools":{"name":"shampoo-comb","x":759.85,"y":-116.81,"rotation":-129.87,"width":932,"height":881}}}},{"name":"e_shaver","attachments":{"tools":{"tools":{"name":"e_shaver","x":414.16,"y":-11.72,"rotation":-89.46,"width":303,"height":814}}}},{"name":"eyelash","attachments":{"tools":{"tools":{"name":"eyelash","x":773.1,"y":-82.62,"rotation":46.2,"width":1013,"height":542}}}},{"name":"razor","attachments":{"tools":{"tools":{"name":"razor","x":397.23,"y":-19.88,"rotation":-89.46,"width":317,"height":838}}}},{"name":"shaver","attachments":{"tools":{"tools":{"name":"shaver","x":369.74,"y":-20.14,"rotation":-89.46,"width":273,"height":885}}}},{"name":"sponge","attachments":{"tools":{"tools":{"name":"sponge","x":629.26,"y":-21.18,"rotation":-89.46,"width":702,"height":460}}}}],"animations":{"action":{"bones":{"bone":{"rotate":[{},{"time":0.3333,"angle":6},{"time":0.6667}],"translate":[{},{"time":0.3333,"x":81.71,"y":-81.71},{"time":0.6667}]}}},"idle":{}}}