{"skeleton":{"hash":"F1tznyrm1yCYAo93z/Sgc/u7AcA","spine":"3.8.99","x":-526.34,"y":-524.83,"width":978.92,"height":1002.82,"images":"./images/","audio":""},"bones":[{"name":"root"},{"name":"all","parent":"root"},{"name":"sis02","parent":"all","length":171.97,"rotation":26.22,"x":0.26,"y":3.1},{"name":"sis01","parent":"all","length":162.24,"rotation":60.63,"x":0.39,"y":6.56}],"slots":[{"name":"sis02","bone":"sis02","attachment":"sis02"},{"name":"sis01","bone":"sis01","attachment":"sis01"}],"skins":[{"name":"default","attachments":{"sis01":{"sis01":{"x":-63.43,"y":-66.67,"rotation":-12.71,"width":868,"height":362}},"sis02":{"sis02":{"x":-37.72,"y":68.84,"rotation":12.62,"width":849,"height":420}}}}],"animations":{"action":{"slots":{"sis01":{"attachment":[{"name":"sis01"}]},"sis02":{"attachment":[{"name":"sis02"}]}},"bones":{"sis02":{"rotate":[{},{"time":0.0667,"angle":-19.64},{"time":0.1667,"angle":17.53},{"time":0.2667}],"translate":[{"curve":"stepped"},{"time":0.0667,"curve":"stepped"},{"time":0.1667,"curve":"stepped"},{"time":0.2667}],"scale":[{"curve":"stepped"},{"time":0.0667,"curve":"stepped"},{"time":0.1667,"curve":"stepped"},{"time":0.2667}],"shear":[{"curve":"stepped"},{"time":0.0667,"curve":"stepped"},{"time":0.1667,"curve":"stepped"},{"time":0.2667}]},"sis01":{"rotate":[{},{"time":0.0667,"angle":25.93},{"time":0.1667,"angle":-14},{"time":0.2667}],"translate":[{"curve":"stepped"},{"time":0.0667,"curve":"stepped"},{"time":0.1667,"curve":"stepped"},{"time":0.2667}],"scale":[{"curve":"stepped"},{"time":0.0667,"curve":"stepped"},{"time":0.1667,"curve":"stepped"},{"time":0.2667}],"shear":[{"curve":"stepped"},{"time":0.0667,"curve":"stepped"},{"time":0.1667,"curve":"stepped"},{"time":0.2667}]},"all":{"rotate":[{"curve":"stepped"},{"time":0.0667,"curve":"stepped"},{"time":0.1667,"curve":"stepped"},{"time":0.2667}],"translate":[{},{"time":0.0667,"x":-4.7,"y":-8.04},{"time":0.1667,"x":11.5,"y":13.85},{"time":0.2667}],"scale":[{"curve":"stepped"},{"time":0.0667,"curve":"stepped"},{"time":0.1667,"curve":"stepped"},{"time":0.2667}]}}},"idle":{"slots":{"sis01":{"attachment":[{"name":"sis01"}]},"sis02":{"attachment":[{"name":"sis02"}]}},"bones":{"sis02":{"rotate":[{}],"translate":[{}],"scale":[{}],"shear":[{}]},"sis01":{"rotate":[{}],"translate":[{}],"scale":[{}],"shear":[{}]},"all":{"rotate":[{}],"translate":[{}],"scale":[{}]}}}}}