{"skeleton":{"hash":"JuLLleGxSnw","spine":"3.8-from-4.0.64","x":-148.44,"y":-6.93,"width":304,"height":968,"images":"./source/weird_man/images/","audio":""},"bones":[{"name":"root"},{"name":"bone","parent":"root"}],"slots":[{"name":"body","bone":"bone","attachment":"body"},{"name":"sock","bone":"bone"},{"name":"leg_hair","bone":"bone","attachment":"leg_hair"},{"name":"pant","bone":"bone","attachment":"pant"},{"name":"shirt","bone":"bone","attachment":"shirt"},{"name":"arm","bone":"bone","attachment":"arm01"},{"name":"bread","bone":"bone","attachment":"bread"},{"name":"mouth","bone":"bone","attachment":"mouth01"}],"skins":[{"name":"default","attachments":{"arm":{"arm01":{"x":3.56,"y":525.07,"width":304,"height":386},"arm02":{"x":9.56,"y":651.57,"width":438,"height":543},"arm03":{"x":3.81,"y":581.71,"width":301,"height":229}},"body":{"body":{"x":7.06,"y":477.07,"width":255,"height":968}},"bread":{"bread":{"x":-1.44,"y":765.57,"width":212,"height":183}},"leg_hair":{"leg_hair":{"x":10.06,"y":124.57,"width":189,"height":123}},"mouth":{"mouth01":{"x":-1.44,"y":770.07,"width":74,"height":30},"mouth02":{"x":5.56,"y":773.07,"width":60,"height":26}},"pant":{"pant":{"x":16.06,"y":365.57,"rotation":-0.11,"width":261,"height":157}},"shirt":{"shirt":{"x":10.06,"y":578.07,"width":237,"height":292}},"sock":{"sock":{"x":10.06,"y":114.07,"width":237,"height":240}}}}],"animations":{"level272_a":{"slots":{"leg_hair":{"attachment":[{"time":1,"name":null}]},"pant":{"attachment":[{"name":null}]},"sock":{"attachment":[{"time":1,"name":"sock"}]}}},"level274_b":{"slots":{"arm":{"attachment":[{"name":"arm02"}]},"leg_hair":{"attachment":[{"name":null}]},"mouth":{"attachment":[{"name":"mouth02"}]},"sock":{"attachment":[{"name":"sock"},{"time":1,"name":"sock"}]}}}}}