{"skeleton":{"hash":"z6ia21SeUXCVmIp6gawtLk7gIx4","spine":"3.8.99","x":-755.73,"y":330.81,"width":1382.37,"height":941.15,"images":"./Image/","audio":"C:/Users/Admin/Desktop/Doll Makeover/Skin_Remove/Cleanser"},"bones":[{"name":"root","x":-1237.37,"y":1587.31},{"name":"Botte","parent":"root","length":500,"rotation":90.49,"x":670.63,"y":-1132.05},{"name":"Cotton","parent":"root","x":1625.38,"y":-1011.49},{"name":"Botte2","parent":"Botte","length":236.58,"rotation":179.7,"x":798.01,"y":1.8},{"name":"bone","parent":"root","x":1617.09,"y":-1049.65}],"slots":[{"name":"Cotton","bone":"Cotton","attachment":"makeup_remove"},{"name":"Water","bone":"Cotton","attachment":"Water"},{"name":"Botte","bone":"Botte","attachment":"makeuo_remove_water"},{"name":"mask","bone":"bone","attachment":"mask"}],"path":[{"name":"mask","bones":["Cotton"],"target":"mask","rotateMix":0,"translateMix":0}],"skins":[{"name":"default","attachments":{"Botte":{"makeuo_remove_water":{"type":"mesh","uvs":[0.36777,0,0.66111,0,0.67885,0.01221,0.79181,0.01879,0.79201,0.04238,0.6747,0.047,0.67359,0.12926,0.70147,0.13342,0.70117,0.18176,0.74894,0.19187,0.76768,0.25788,0.79525,0.27156,0.98676,0.36479,1,0.38294,1,0.92147,0.93986,0.95864,0.80905,0.99813,0.76038,1,0.20573,1,0.1393,0.9861,0.0309,0.94793,0,0.90982,0,0.39046,6.0E-5,0.3719,0.07465,0.33593,0.22255,0.26083,0.24019,0.19346,0.28288,0.18468,0.28284,0.13345,0.31113,0.13083,0.31174,0.05001,0.31136,0.00183],"triangles":[6,30,5,5,0,1,5,30,0,30,31,0,4,2,3,4,5,2,5,1,2,15,16,17,14,17,18,14,15,17,18,20,14,20,18,19,14,20,13,24,13,21,13,24,11,24,25,11,25,10,11,10,25,27,9,10,8,27,25,26,10,27,8,21,13,20,23,24,22,11,12,13,24,21,22,8,29,6,8,27,29,27,28,29,8,6,7,29,30,6],"vertices":[1,3,-18.89,-41.25,1,1,3,-18.51,69.63,1,1,3,-8.37,76.3,1,1,3,-2.78,118.98,1,1,3,16.76,118.99,1,1,3,20.42,74.63,1,1,1,709.09,-71.72,1,1,1,705.56,-82.23,1,1,1,665.53,-81.77,1,1,1,657.01,-99.76,1,1,1,602.29,-106.37,1,1,1,590.87,-116.7,1,1,1,513.06,-188.42,1,1,1,497.99,-193.29,1,1,1,52.1,-189.46,1,1,1,21.52,-166.46,1,1,1,-10.75,-116.73,1,1,1,-12.14,-98.32,1,1,1,-10.34,111.33,1,1,1,1.39,136.34,1,1,1,33.34,177.04,1,1,1,65,188.45,1,1,1,495.01,184.75,1,1,1,510.38,184.59,1,1,1,539.92,156.14,1,1,1,601.62,99.7,1,1,1,657.34,92.56,1,1,1,664.47,76.36,1,1,1,706.89,76,1,1,1,708.97,65.29,1,1,3,22.44,-62.58,1,1,3,-17.44,-62.58,1],"hull":32,"edges":[0,62,0,2,2,4,4,6,6,8,8,10,14,16,16,18,18,20,20,22,22,24,24,26,26,28,28,30,30,32,32,34,34,36,36,38,38,40,40,42,42,44,44,46,46,48,48,50,50,52,52,54,54,56,56,58,54,16,60,62,10,60,58,60,10,12,12,14,58,12],"width":378,"height":828}},"Cotton":{"makeup_remove":{"x":-2.38,"y":-4.01,"width":482,"height":482}},"Water":{"Water":{"x":-2.88,"y":10.49,"width":343,"height":318}},"mask":{"mask":{"type":"path","closed":true,"lengths":[202.19,353.5,557.88],"vertexCount":9,"vertices":[-128.82,-26.94,-168.11,12.6,-228.49,73.36,-95.81,113.99,-35.44,63.71,-15.07,46.75,69.97,-24.29,8.21,-56.57,-67.71,-96.24]}}}}],"animations":{"Action":{"slots":{"Botte":{"color":[{"color":"ffffff00"}]},"Water":{"attachment":[{"name":null}]}},"bones":{"Cotton":{"translate":[{"x":12.1,"y":-98.98}],"shear":[{"y":-171.96}]},"Botte":{"rotate":[{"angle":-1.36}],"translate":[{"x":-1502.82}]},"bone":{"translate":[{"x":53.13,"y":-123.5}]}},"path":{"mask":{"position":[{"position":0.345},{"time":2,"position":1.345}],"mix":[{"rotateMix":0}]}}},"Idle1":{"slots":{"Water":{"color":[{"color":"ffffff00"}]}}},"Idle2":{"slots":{"Botte":{"color":[{"color":"ffffff00"}]}},"bones":{"Cotton":{"translate":[{"x":12.1,"y":-99.79}]},"Botte":{"rotate":[{"angle":-1.36}],"translate":[{"x":-1502.82}]}}},"Idle3":{"slots":{"Botte":{"color":[{"color":"ffffff00"}]},"Water":{"attachment":[{"name":null}]}},"bones":{"Cotton":{"translate":[{"x":12.1,"y":-99.79}],"shear":[{"y":-171.96}]},"Botte":{"rotate":[{"angle":-1.36}],"translate":[{"x":-1502.82}]}}},"Intro":{"slots":{"Botte":{"color":[{"time":1.7333,"color":"ffffffff","curve":0.25,"c3":0.75},{"time":2.6667,"color":"ffffff00"}]},"Water":{"color":[{"color":"ffffff00","curve":"stepped"},{"time":1.2333,"color":"ffffff00","curve":0.25,"c3":0.75},{"time":1.5667,"color":"ffffffff","curve":"stepped"},{"time":2.8667,"color":"ffffffff"}],"attachment":[{"time":2.2,"name":null}]}},"bones":{"Cotton":{"translate":[{"time":0.8333,"curve":0.25,"c3":0.75},{"time":1.3333,"x":12.1,"y":-99.79}],"shear":[{"curve":0.25,"c3":0.75},{"time":0.8333,"x":32.64,"y":53.28,"curve":"stepped"},{"time":1.9333,"x":32.64,"y":53.28,"curve":0.25,"c3":0.75},{"time":2.6667,"y":-171.96}]},"Botte":{"rotate":[{"curve":0.25,"c3":0.75},{"time":1.3333,"angle":-75.61,"curve":"stepped"},{"time":1.7333,"angle":-75.61,"curve":0.25,"c3":0.75},{"time":2.6667,"angle":-1.36}],"translate":[{"curve":0.25,"c3":0.75},{"time":1.3333,"x":153.77,"y":52.09,"curve":"stepped"},{"time":1.7333,"x":153.77,"y":52.09,"curve":0.25,"c3":0.75},{"time":2.6667,"x":-1502.82}]},"Botte2":{"translate":[{"time":1.3333},{"time":1.4667,"x":-68.45,"y":0.35},{"time":1.6}]}}}}}