{"skeleton":{"hash":"9SjrWQybXp0t3ZREQG3ODpB2plg","spine":"3.8.99","x":-65.88,"y":-21.82,"width":153,"height":150.8,"images":"./images/","audio":""},"bones":[{"name":"root"},{"name":"acnes","parent":"root","rotation":90,"x":-19.8,"y":42.85},{"name":"path","parent":"acnes","x":6.14,"y":-32.99},{"name":"Cream_Scar","parent":"root","rotation":90,"x":-1.26,"y":43.31},{"name":"maggots","parent":"root","x":1.67,"y":43.92},{"name":"bone2","parent":"maggots","length":49.65,"rotation":10.34,"x":0.66,"y":0.33},{"name":"bone3","parent":"bone2","length":57.31,"rotation":-2.4,"x":49.65}],"slots":[{"name":"scar","bone":"acnes","attachment":"scar"},{"name":"maggots1","bone":"maggots","attachment":"maggots1"},{"name":"f_acnes","bone":"acnes","attachment":"f_hole"},{"name":"Cream_Scar","bone":"Cream_Scar"}],"skins":[{"name":"default","attachments":{"Cream_Scar":{"Cream_Scar2":{"path":"Cream_Scar","x":2.38,"y":-0.85,"scaleX":1.0893,"scaleY":1.0893,"rotation":-90,"width":108,"height":113}}}},{"name":"Blue_Hole","attachments":{"f_acnes":{"f_hole":{"type":"mesh","uvs":[1,1,0,1,0,0,1,0,0.72171,0.33555,0.59288,0.32496,0.50579,0.42421,0.50579,0.51684,0.59288,0.60947,0.66909,0.66241,0.7961,0.55257,0.76707,0.40568],"triangles":[4,5,3,11,4,3,6,2,5,6,11,7,5,11,6,10,11,3,7,10,8,5,4,11,10,7,11,9,8,10,9,10,0,0,1,9,2,6,7,1,2,7,1,7,8,1,8,9,5,2,3,0,10,3],"vertices":[1,1,-64.58,-66.26,1,2,1,-64.67,30.74,0.95834,2,-70.81,63.72,0.04166,2,1,68.33,30.86,0.7713,2,62.19,63.84,0.2287,1,1,68.42,-66.14,1,2,1,23.77,-39.19,0.05108,2,17.63,-6.2,0.94892,2,1,25.17,-26.69,0.2016,2,19.02,6.29,0.7984,2,1,11.96,-18.26,0.3843,2,5.82,14.73,0.6157,2,1,-0.36,-18.27,0.45637,2,-6.5,14.72,0.54363,2,1,-12.67,-26.73,0.32048,2,-18.82,6.26,0.67952,2,1,-19.71,-34.12,0.24586,2,-25.85,-1.14,0.75414,2,1,-5.09,-46.43,0.0196,2,-11.23,-13.44,0.9804,1,2,8.3,-10.61,1],"hull":4,"edges":[0,2,2,4,4,6,0,6],"width":97,"height":133}},"scar":{"scar":{"name":"b_hole","x":8.46,"y":-38.05,"rotation":-90,"width":153,"height":150}}}},{"name":"Maggots01","attachments":{"maggots1":{"maggots1":{"name":"maggot_1","type":"mesh","uvs":[1,1,0.83333,1,0.66667,1,0.5,1,0.33333,1,0.16667,1,0,1,0,0.5,0,0,0.16667,0,0.33333,0,0.5,0,0.66667,0,0.83333,0,1,0,1,0.5,0.83333,0.5,0.66667,0.5,0.5,0.5,0.33333,0.5,0.16667,0.5],"triangles":[7,8,9,20,7,9,6,7,20,5,6,20,20,9,10,19,20,10,5,20,19,4,5,19,19,10,11,4,19,18,18,19,11,3,4,18,18,11,12,17,18,12,3,18,17,2,3,17,17,12,13,16,17,13,2,17,16,1,2,16,16,13,14,15,16,14,1,16,15,0,1,15],"vertices":[1,6,87.61,-10.95,1,1,6,63.12,-15.98,1,1,6,38.64,-21.01,1,2,6,14.15,-26.04,0.85167,5,62.69,-26.61,0.14833,2,6,-10.34,-31.07,0.17654,5,38.01,-30.61,0.82346,2,6,-34.83,-36.1,0.00103,5,13.34,-34.61,0.99897,1,5,-11.34,-38.61,1,1,5,-15.98,-9.99,1,1,5,-20.63,18.64,1,1,5,4.05,22.64,1,2,6,-22.01,25.75,0.09631,5,28.73,26.64,0.90369,2,6,2.48,30.78,0.6733,5,53.41,30.65,0.3267,2,6,26.97,35.81,0.98437,5,78.08,34.65,0.01563,1,6,51.45,40.84,1,1,6,75.94,45.87,1,1,6,81.78,17.46,1,1,6,57.29,12.43,1,1,6,32.8,7.4,1,2,6,8.31,2.37,0.979,5,58.05,2.02,0.021,1,5,33.37,-1.98,1,1,5,8.69,-5.98,1],"hull":16,"edges":[0,2,2,4,4,6,6,8,8,10,10,12,12,14,14,16,16,18,18,20,20,22,22,24,24,26,26,28,28,30,30,0],"width":150,"height":58}}}},{"name":"Red_Hole","attachments":{"f_acnes":{"f_hole":{"name":"f_hole_red","type":"mesh","uvs":[1,1,0,1,0,0,1,0,0.72171,0.33555,0.59288,0.32496,0.50579,0.42421,0.50579,0.51684,0.59288,0.60947,0.66909,0.66241,0.7961,0.55257,0.76707,0.40568],"triangles":[4,5,3,11,4,3,6,2,5,6,11,7,5,11,6,10,11,3,7,10,8,5,4,11,10,7,11,9,8,10,9,10,0,0,1,9,2,6,7,1,2,7,1,7,8,1,8,9,5,2,3,0,10,3],"vertices":[1,1,-64.58,-66.26,1,2,1,-64.67,30.74,0.95834,2,-70.81,63.72,0.04166,2,1,68.33,30.86,0.7713,2,62.19,63.84,0.2287,1,1,68.42,-66.14,1,2,1,23.77,-39.19,0.05108,2,17.63,-6.2,0.94892,2,1,25.17,-26.69,0.2016,2,19.02,6.29,0.7984,2,1,11.96,-18.26,0.3843,2,5.82,14.73,0.6157,2,1,-0.36,-18.27,0.45637,2,-6.5,14.72,0.54363,2,1,-12.67,-26.73,0.32048,2,-18.82,6.26,0.67952,2,1,-19.71,-34.12,0.24586,2,-25.85,-1.14,0.75414,2,1,-5.09,-46.43,0.0196,2,-11.23,-13.44,0.9804,1,2,8.3,-10.61,1],"hull":4,"edges":[0,2,2,4,4,6,0,6],"width":97,"height":133}},"scar":{"scar":{"name":"b_hole_red","x":11.14,"y":-30.42,"rotation":-90,"width":153,"height":150}}}}],"animations":{"action01_take":{"slots":{"f_acnes":{"attachment":[{"time":2.6333,"name":null}]},"maggots1":{"attachment":[{"time":1.1667,"name":null}]}},"bones":{"path":{"translate":[{"time":1.1667},{"time":1.3333,"y":-3.98},{"time":1.5333},{"time":1.7,"y":-3.98},{"time":1.8667},{"time":2.0333,"y":-3.98},{"time":2.1,"curve":0.25,"c3":0.75},{"time":2.2667,"y":-12.32,"curve":0.25,"c3":0.75},{"time":2.5667,"y":3.7,"curve":0.25,"c3":0.75},{"time":2.7333}],"scale":[{"time":2.1,"curve":0.25,"c3":0.75},{"time":2.2667,"x":1.044,"y":1.108,"curve":0.25,"c3":0.75},{"time":2.5667}]},"bone2":{"rotate":[{"angle":7.59},{"time":0.0667,"angle":9.82},{"time":0.6667,"angle":-6.91},{"time":1.1667,"angle":7.59}],"translate":[{},{"time":0.6,"y":3.61},{"time":1.1667}]},"bone3":{"rotate":[{"angle":-7.53},{"time":0.1667},{"time":0.7333,"angle":-28.25},{"time":1.1667,"angle":-7.53}]}}},"action02_cream_scar":{"slots":{"Cream_Scar":{"color":[{"time":1.3333,"color":"ffffffff","curve":0.25,"c3":0.75},{"time":2,"color":"ffffff00"}],"attachment":[{"name":"Cream_Scar2"}]},"f_acnes":{"attachment":[{"name":null}]},"maggots1":{"attachment":[{"name":null}]},"scar":{"color":[{"time":1.3333,"color":"ffffffff"},{"time":2,"color":"ffffff00"}]}},"bones":{"Cream_Scar":{"scale":[{"x":0.18,"y":0.18,"curve":0.265,"c3":0.618,"c4":0.43},{"time":0.6667,"x":1.154,"y":1.154,"curve":0.351,"c2":0.4,"c3":0.757},{"time":2,"x":1.5,"y":1.5}]}}},"idl02":{"slots":{"f_acnes":{"attachment":[{"name":null}]},"maggots1":{"attachment":[{"name":null}]}}},"idle01":{"bones":{"bone2":{"rotate":[{"angle":7.59},{"time":0.0667,"angle":9.82},{"time":0.5667,"angle":-6.91},{"time":1,"angle":7.59}],"translate":[{},{"time":0.5,"y":3.61},{"time":1}]},"bone3":{"rotate":[{"angle":-7.53},{"time":0.1333},{"time":0.6333,"angle":-28.25},{"time":1,"angle":-7.53}]}}}}}