{"skeleton":{"hash":"JQ9SfOZC30w","spine":"3.8-from-4.0.64","x":-154.73,"y":-14.73,"width":287.26,"height":926.52,"images":"./source/New Guy/images/","audio":""},"bones":[{"name":"root","scaleX":0.5,"scaleY":0.5},{"name":"all","parent":"root","y":-33.27},{"name":"hip","parent":"all","x":-1.73,"y":858.77},{"name":"b_up_leg","parent":"hip","length":318.39,"rotation":-91.67,"x":51.37,"y":-70.2},{"name":"b_low_leg","parent":"b_up_leg","length":288.88,"rotation":0.68,"x":317.77,"y":-1.38},{"name":"f_up_leg","parent":"hip","length":325.73,"rotation":-94.93,"x":-86.76,"y":-74.59},{"name":"f_low_leg","parent":"f_up_leg","length":287.84,"rotation":1.74,"x":325.14,"y":-5.76},{"name":"spine01","parent":"hip","length":228.06,"rotation":87.8,"x":4.3,"y":5.59},{"name":"spine02","parent":"spine01","length":333.44,"rotation":4.91,"x":228.06},{"name":"head","parent":"spine02","length":326.1,"rotation":-3.64,"x":333.44},{"name":"f_eye","parent":"head","x":163.34,"y":3.97},{"name":"b_eye","parent":"head","x":169.37,"y":-100.7},{"name":"f_eyelid","parent":"f_eye","x":37.84,"y":-27.04},{"name":"f_pup","parent":"f_eye","x":6.98,"y":-29.16},{"name":"b_eyelid","parent":"b_eye","x":34.18,"y":-35.77},{"name":"b_pup","parent":"b_eye","x":1.06,"y":-31.97},{"name":"nose","parent":"head","x":124.8,"y":-77.55},{"name":"mouth","parent":"head","x":50.87,"y":-67.03},{"name":"f_eyebrown","parent":"head","length":78.26,"rotation":84.81,"x":239.73,"y":-58.1},{"name":"b_eyebrown","parent":"head","length":50.05,"rotation":-87.26,"x":238.28,"y":-108.93},{"name":"f_up_arm","parent":"spine02","length":231.09,"rotation":167.91,"x":237.15,"y":179.61},{"name":"f_low_arm","parent":"f_up_arm","length":266.89,"rotation":11.06,"x":243.13,"y":-0.56},{"name":"f_hand","parent":"f_low_arm","length":133.71,"rotation":-10.45,"x":267.27,"y":2.06},{"name":"b_up_arm","parent":"spine02","length":233.77,"rotation":-174.98,"x":197.88,"y":-140.26},{"name":"b_low_arm","parent":"b_up_arm","length":249.49,"rotation":-4.32,"x":231.81,"y":0.45},{"name":"b_hand","parent":"b_low_arm","length":122.71,"rotation":-6.27,"x":245.19,"y":0.43},{"name":"f_shoe","parent":"f_low_leg","length":168.37,"rotation":-29.61,"x":331.28,"y":7,"transform":"noRotationOrReflection"},{"name":"b_shoe","parent":"b_low_leg","length":174.07,"rotation":-31.64,"x":322.53,"y":-4,"transform":"noRotationOrReflection"},{"name":"f_leg","parent":"root","x":-116.53,"y":135.35,"color":"ff3f00ff"},{"name":"b_leg","parent":"root","x":33.45,"y":145.63,"color":"ff3f00ff"},{"name":"b_tool","parent":"b_hand","x":81.82,"y":-0.67},{"name":"b_cover_arm","parent":"b_up_arm","x":243.53,"y":-15.37},{"name":"f_cover_arm","parent":"f_up_arm","x":252.95,"y":15.62},{"name":"mask","parent":"root","x":-80.99,"y":2015.95},{"name":"sweat","parent":"head","x":196.93,"y":63.4},{"name":"f_cover_leg","parent":"f_up_leg","rotation":-1.01,"x":318.13,"y":-2.11},{"name":"b_cover_leg","parent":"b_up_leg","x":313.45,"y":3.66},{"name":"scooter","parent":"all","x":1880.99,"y":393.46},{"name":"story02/wheel","parent":"scooter","x":644.64,"y":-164.64},{"name":"story02/wheel2","parent":"scooter","x":-608.24,"y":-171.81},{"name":"f_tool","parent":"f_hand","x":73.15,"y":9.7},{"name":"bone","parent":"spine01","rotation":-175.43,"x":208.55,"y":229.8,"color":"abe323ff"},{"name":"bone2","parent":"f_low_arm","x":-19.58},{"name":"target3","parent":"root","x":192.87,"y":782.46,"color":"ff3f00ff"},{"name":"target6","parent":"root","x":-207.97,"y":782.76,"color":"ff3f00ff"},{"name":"hat","parent":"head","x":381.29,"y":12.22},{"name":"apron","parent":"spine02","x":79.24,"y":-52.83},{"name":"cart","parent":"all"},{"name":"smoke","parent":"b_tool","rotation":92.85,"x":10.59,"y":-3.74},{"name":"smoke1","parent":"smoke"},{"name":"smoke2","parent":"smoke"},{"name":"smoke3","parent":"smoke"},{"name":"smoke4","parent":"smoke"},{"name":"smoke5","parent":"smoke"},{"name":"smoke6","parent":"all","x":345.91,"y":100.04}],"slots":[{"name":"spray/smoke2","bone":"smoke1"},{"name":"spray/smoke7","bone":"smoke6"},{"name":"spray/smoke5","bone":"smoke4"},{"name":"spray/smoke3","bone":"smoke2"},{"name":"spray/smoke4","bone":"smoke3"},{"name":"spray/smoke6","bone":"smoke5"},{"name":"story07/rain_coat02","bone":"spine02"},{"name":"backpack","bone":"spine02"},{"name":"b_low_leg","bone":"b_low_leg"},{"name":"b_low_arm","bone":"b_low_arm","attachment":"b_low_arm"},{"name":"b_hand","bone":"b_hand","attachment":"b_hand"},{"name":"b_hand_wrap","bone":"b_hand"},{"name":"b_up_leg","bone":"b_up_leg"},{"name":"b_shoe","bone":"b_shoe","attachment":"b_shoe"},{"name":"b_cover_leg","bone":"b_cover_leg"},{"name":"hip","bone":"hip"},{"name":"f_low_leg","bone":"f_low_leg"},{"name":"f_up_leg","bone":"f_up_leg"},{"name":"f_cover_leg","bone":"f_cover_leg"},{"name":"b_up_arm","bone":"b_up_arm"},{"name":"body","bone":"all"},{"name":"apron","bone":"apron"},{"name":"f_shoe","bone":"f_shoe"},{"name":"face","bone":"head","attachment":"face"},{"name":"hair_mask","bone":"head"},{"name":"hair","bone":"head","attachment":"hair"},{"name":"mouth","bone":"mouth","attachment":"mouth01"},{"name":"sweat04","bone":"sweat"},{"name":"f_eyebrown","bone":"f_eyebrown","attachment":"f_eyebrown"},{"name":"f_eye","bone":"f_eye","attachment":"f_eye"},{"name":"b_eyebrown","bone":"b_eyebrown","attachment":"b_eyebrown"},{"name":"b_eye","bone":"b_eye","attachment":"b_eye"},{"name":"f_pup","bone":"f_pup","attachment":"f_pup"},{"name":"l_eyelid","bone":"f_eyelid"},{"name":"b_pup","bone":"b_pup","attachment":"b_pup"},{"name":"b_eyelid","bone":"b_eyelid"},{"name":"nose","bone":"nose","attachment":"nose"},{"name":"mask","bone":"mask"},{"name":"b_tool3","bone":"b_tool"},{"name":"b_tool01","bone":"b_tool"},{"name":"b_tool02","bone":"b_tool"},{"name":"asset/glass02","bone":"head"},{"name":"asset/glass01","bone":"head"},{"name":"f_low_arm","bone":"f_low_arm","attachment":"f_low_arm"},{"name":"f_up_arm","bone":"f_up_arm"},{"name":"f_hand","bone":"f_hand","attachment":"f_hand"},{"name":"f_hand_warp","bone":"f_hand"},{"name":"story02/wheel","bone":"story02/wheel"},{"name":"story02/wheel2","bone":"story02/wheel2"},{"name":"story02/scooter","bone":"scooter"},{"name":"hat","bone":"hat"},{"name":"f_tool01","bone":"f_tool"},{"name":"f_tool2","bone":"f_tool"},{"name":"f_low_arm2","bone":"bone2"},{"name":"pup2","bone":"b_cover_leg"},{"name":"story07/rain_coat01","bone":"spine02"},{"name":"story08/cart_wheel","bone":"cart"},{"name":"story08/shop_cart","bone":"cart"}],"ik":[{"name":"b_leg","order":4,"bones":["b_up_leg","b_low_leg"],"target":"b_leg","bendPositive":false},{"name":"f_leg","bones":["f_up_leg","f_low_leg"],"target":"f_leg","bendPositive":false},{"name":"target3","order":1,"bones":["b_up_arm","b_low_arm"],"target":"target3","mix":0,"bendPositive":false},{"name":"target6","order":3,"bones":["f_up_arm","f_low_arm"],"target":"target6","mix":0}],"transform":[{"name":"bone","order":2,"bones":["f_low_arm"],"target":"bone","rotateMix":0,"translateMix":0}],"skins":[{"name":"default","attachments":{"body":{"story05/swim_body":{"type":"mesh","uvs":[0.55605,0.00155,0.63459,0.00775,0.70095,0.02972,0.70105,0.08578,0.70486,0.09197,0.81651,0.11604,0.87786,0.13672,0.93559,0.1616,0.96615,0.18885,0.98709,0.23907,0.99448,0.27385,1,0.27164,1,0.28528,0.9881,0.35724,0.95704,0.40756,0.91514,0.4404,0.90198,0.45194,0.90215,0.48448,0.90231,0.51511,0.87694,0.58548,0.87462,0.58797,0.87401,0.64635,0.885,0.70442,0.89788,0.7289,0.91059,0.79204,0.90656,0.80767,0.9276,0.80773,0.92377,0.80984,0.89651,0.81844,0.88321,0.84028,0.83068,0.88886,0.76643,0.93263,0.69489,0.96328,0.62115,0.98503,0.53298,1,0.38303,1,0.31804,0.99134,0.28948,0.99179,0.24386,0.97845,0.19299,0.95321,0.16179,0.91978,0.14192,0.88603,0.13581,0.84928,0.13189,0.80639,0.15355,0.73583,0.18388,0.68277,0.18444,0.65016,0.18167,0.62888,0.16751,0.59583,0.16397,0.59011,0.12109,0.5295,0.05298,0.43324,0.0175,0.37535,0.00612,0.33685,0,0.28452,0,0.26364,0.0099,0.2232,0.03416,0.18528,0.08746,0.15097,0.14146,0.12701,0.22429,0.10108,0.30957,0.08593,0.37361,0.07893,0.37662,0.07696,0.36809,0.04025,0.37723,0.02532,0.40647,0.0117,0.47129,0.00322,0.72695,0.44506,0.74467,0.33246],"triangles":[67,63,64,57,54,55,10,11,12,69,4,5,69,5,6,8,69,6,8,6,7,69,8,9,69,9,10,69,10,12,57,53,54,13,69,12,55,56,57,58,52,53,14,69,13,57,58,53,59,51,52,15,69,14,4,69,62,68,69,15,16,68,15,68,16,17,58,59,52,69,50,51,67,65,66,67,64,65,2,0,1,63,67,0,0,3,63,3,0,2,4,62,63,61,69,60,3,4,63,61,62,69,69,59,60,59,69,51,68,50,69,18,68,17,49,50,68,18,19,68,20,68,19,48,49,68,47,48,68,47,68,20,21,47,20,46,47,21,24,28,23,27,25,26,22,23,30,25,28,24,28,25,27,46,21,45,28,29,23,30,42,43,41,32,40,45,21,22,23,29,30,22,44,45,30,44,22,44,30,43,32,41,42,30,31,42,39,36,38,42,31,32,36,39,40,32,33,40,40,35,36,37,38,36,40,34,35,33,34,40],"vertices":[1,8,419.6,-5.87,1,1,8,412.84,-39.99,1,1,8,393.32,-68.17,1,1,8,347.01,-66.02,1,1,8,341.81,-67.44,1,1,8,319.62,-115.35,1,1,8,301.26,-141.38,1,2,7,520.74,-141.11,0,8,279.52,-165.66,1,2,7,498.74,-155.35,0,8,256.37,-177.97,1,2,7,457.59,-166.11,0,8,214.45,-185.16,1,2,7,428.97,-170.45,4.7E-4,8,185.57,-187.03,0.99953,2,7,430.89,-172.8,0.0034,8,187.28,-189.54,0.9966,2,7,419.62,-173.23,0.01383,8,176.01,-189,0.98617,2,7,359.95,-170.31,0.03749,8,116.82,-180.98,0.96251,2,7,317.84,-158.31,0.08172,8,75.89,-165.42,0.91828,2,7,290,-141.02,0.14346,8,49.63,-145.8,0.85654,2,7,280.24,-135.63,0.23051,8,40.37,-139.6,0.76949,2,7,253.35,-136.73,0.3314,8,13.49,-138.4,0.6686,2,7,228.04,-137.78,0.53346,8,-11.82,-137.27,0.46654,2,7,169.47,-128.91,0.70789,8,-69.42,-123.42,0.29211,2,7,167.36,-127.97,0.844,8,-71.43,-122.3,0.156,2,7,119.11,-129.56,0.92576,8,-119.65,-119.75,0.07424,2,7,71.31,-136.22,0.9726,8,-167.84,-122.29,0.0274,2,7,51.29,-142.64,0.9919,8,-188.33,-126.97,0.0081,2,7,-0.67,-150.2,0.9991,8,-240.75,-130.06,9.0E-4,2,7,-13.65,-148.94,0.99999,8,-253.58,-127.68,1.0E-5,1,7,-13.35,-158.15,1,1,7,-15.16,-156.54,1,1,7,-22.72,-144.88,1,1,7,-40.99,-139.75,1,1,7,-82.03,-118.31,1,1,7,-119.28,-91.58,1,1,7,-145.81,-61.24,1,1,7,-165.02,-29.66,1,1,7,-178.88,8.46,1,1,7,-181.41,74.09,1,1,7,-175.35,102.81,1,1,7,-176.2,115.29,1,1,7,-165.94,135.68,1,1,7,-145.94,158.75,1,2,7,-118.84,173.47,1,8,-330.76,202.55,0,2,7,-91.28,183.24,0.99976,8,-302.47,209.92,2.4E-4,2,7,-61.02,187.08,0.99779,8,-271.99,211.16,0.00221,2,7,-25.63,190.16,0.99073,8,-236.47,211.19,0.00927,2,7,33.04,182.92,0.97406,8,-178.63,198.96,0.02594,2,7,77.4,171.33,0.94312,8,-135.43,183.61,0.05688,2,7,104.36,172.13,0.89804,8,-108.5,182.09,0.10196,2,7,121.9,174.01,0.83505,8,-90.86,182.47,0.16495,2,7,148.97,181.26,0.73708,8,-63.27,187.37,0.26292,2,7,153.64,182.99,0.58455,8,-58.47,188.7,0.41545,2,7,203,203.69,0.37237,8,-7.52,205.09,0.62763,2,7,281.4,236.56,0.26277,8,73.41,231.12,0.73723,2,7,328.64,253.92,0.15821,8,121.97,244.37,0.84179,2,7,360.27,260.13,0.08633,8,154.01,247.85,0.91367,2,7,403.41,264.47,0.04404,8,197.37,248.48,0.95596,2,7,420.67,265.13,0.02343,8,214.61,247.66,0.97657,2,7,454.25,262.09,0.01212,8,247.81,241.74,0.98788,2,7,486,252.67,0.00559,8,278.64,229.65,0.99441,2,7,515.25,230.44,0.00223,8,305.88,204.99,0.99777,2,7,535.96,207.57,6.5E-4,8,324.55,180.42,0.99935,2,7,558.78,172.13,1.3E-4,8,344.25,143.17,0.99987,2,7,572.74,135.29,1.0E-5,8,355,105.26,0.99999,1,8,359.46,76.97,1,1,8,361.02,75.58,1,1,8,391.52,77.87,1,1,8,403.67,73.29,1,1,8,414.31,59.97,1,1,8,419.97,31.28,1,2,7,282.98,-58.8,0.27695,8,49.68,-63.29,0.72305,2,7,376.33,-62.98,0.19414,8,142.33,-75.45,0.80586],"hull":68,"edges":[0,134,0,2,2,4,4,6,6,8,8,10,10,12,12,14,14,16,16,18,18,20,20,22,22,24,24,26,26,28,28,30,30,32,36,38,38,40,40,42,42,44,44,46,46,48,48,50,50,52,52,54,54,56,56,58,58,60,60,62,62,64,64,66,66,68,68,70,70,72,72,74,74,76,76,78,78,80,80,82,82,84,84,86,86,88,88,90,90,92,92,94,94,96,96,98,102,104,104,106,106,108,108,110,110,112,112,114,114,116,116,118,118,120,120,122,122,124,124,126,126,128,128,130,130,132,132,134,98,100,100,102,100,136,32,34,34,36,136,34,136,138],"width":438,"height":827}},"b_eye":{"b_eye":{"x":8.78,"y":88.6,"rotation":-89.08,"width":99,"height":99}},"b_eyebrown":{"b_eyebrown":{"x":21.2,"y":-1.31,"rotation":-1.82,"width":71,"height":33}},"b_hand":{"b_hand":{"x":78.08,"y":6.33,"rotation":82.17,"width":106,"height":197},"b_hand1":{"x":34.7,"y":46.51,"scaleY":-1,"rotation":-169.53,"width":128,"height":155},"hand03":{"x":61.03,"y":9.95,"rotation":80.58,"width":138,"height":157},"hand04":{"x":41.89,"y":62.18,"scaleX":-1,"rotation":95.09,"width":194,"height":121},"hand05":{"x":38.22,"y":-2.69,"scaleX":-0.92,"scaleY":0.92,"rotation":112.47,"width":144,"height":144},"hand06":{"x":68.97,"y":22.88,"scaleX":-1.0511,"scaleY":1.0139,"rotation":110.45,"width":180,"height":180},"hand07":{"x":36.6,"y":57.93,"scaleX":-1,"rotation":-86.64,"width":182,"height":155},"hand08":{"x":79.18,"y":23.32,"scaleX":-1,"rotation":-68.07,"width":128,"height":215},"hand10":{"x":46.5,"y":22.55,"scaleX":0.9617,"scaleY":0.9617,"rotation":100.28,"width":129,"height":133},"hand11":{"x":35.03,"y":37.23,"scaleX":-0.9,"scaleY":0.9,"rotation":128.95,"width":205,"height":159},"hand12":{"x":64.3,"y":29.82,"scaleX":1.0126,"scaleY":1.0126,"rotation":69.83,"width":157,"height":154},"hand15":{"x":66.39,"y":-3.14,"scaleX":1.0977,"scaleY":1.0977,"rotation":78.69,"width":113,"height":171}},"b_hand_wrap":{"b_hand_warp02":{"x":45.57,"y":20.28,"rotation":100.06,"width":129,"height":133},"b_hand_wrap":{"x":69.64,"y":86.29,"scaleY":-1,"rotation":-152.02,"width":87,"height":129}},"b_low_arm":{"b_low_arm":{"x":117.79,"y":-8.52,"rotation":78,"width":142,"height":303}},"b_low_leg":{"story05/f_low_leg2":{"path":"story05/f_low_leg","x":138.79,"y":-9.26,"rotation":91.52,"width":142,"height":372}},"b_pup":{"b_pup":{"x":2.7,"y":-2.53,"rotation":-89.08,"width":24,"height":24}},"b_shoe":{"b_shoe":{"x":89.44,"y":13.99,"rotation":28.38,"width":261,"height":194},"story05/f_feet2":{"path":"story05/f_feet","x":49.5,"y":13.45,"rotation":31.64,"width":229,"height":164}},"b_tool01":{"asset/flower01":{"width":340,"height":466},"asset/phone":{"y":0.5,"width":136,"height":219},"spray/spray01":{"x":-33.06,"y":-32.71,"rotation":7.06,"width":177,"height":369},"story02/coke_bottle":{"x":5.23,"y":119.73,"width":135,"height":394},"story02/ice_cream01":{"y":0.5,"width":128,"height":223},"story02/meat_stick":{"x":75.24,"y":208.16,"rotation":73.02,"width":589,"height":105},"story02/phone_music":{"x":5.52,"y":10.4,"width":136,"height":219},"story02/picnic_basket":{"x":185.76,"y":-35.3,"rotation":79.74,"width":460,"height":414},"story03/broom01":{"x":0.5,"width":62,"height":538},"story03/sandal":{"x":145.23,"y":-11.39,"width":302,"height":101},"story03/umbrella01":{"x":492.73,"y":565.49,"rotation":-39.61,"width":1340,"height":453},"story06/guitar":{"x":0.5,"width":891,"height":656},"story06/wallet":{"x":107.02,"y":45.03,"width":288,"height":172},"story06/wine_glass":{"x":28.16,"y":53.95,"width":135,"height":326},"story07/gift_box":{"x":-31.54,"y":34.57,"rotation":89.62,"width":391,"height":400},"story07/lipstick02":{"x":-62.46,"y":216.91,"rotation":27.15,"width":50,"height":160},"story08/car_key":{"x":-12.05,"y":42.15,"rotation":92.85,"width":96,"height":203},"story08/credit_card":{"x":64.65,"y":111.84,"rotation":23.38,"width":227,"height":145},"story08/gem":{"x":13.85,"y":181.72,"rotation":16.26,"width":123,"height":83},"story08/hat_cowboy":{"x":-17.96,"y":93,"rotation":8.22,"width":463,"height":277},"story09/basketsball_stick":{"x":115.92,"y":228.98,"rotation":85.92,"width":780,"height":405},"story09/cake_dish":{"x":-12.38,"y":50.59,"rotation":1.83,"width":441,"height":128},"story09/dress_01":{"x":86.67,"y":-105.31,"rotation":24.19,"width":410,"height":846},"story09/fireex01":{"x":-51.79,"y":23.32,"rotation":20.01,"width":261,"height":764},"story09/gift_box":{"x":-34.7,"y":-28.29,"rotation":81.36,"width":548,"height":327},"story09/hammer":{"x":28.57,"y":102.76,"scaleX":-1,"rotation":38.03,"width":335,"height":213},"story09/weight_back":{"x":-86.06,"y":576.7,"rotation":101.76,"width":399,"height":433}},"b_tool02":{"asset/flower02":{"x":-12.18,"y":238.97,"width":377,"height":223},"spray/spray02":{"x":-57.07,"y":182.31,"rotation":6.22,"width":163,"height":155},"story02/love_pipe":{"x":37.81,"y":260.17,"width":84,"height":326},"story02/wire":{"x":-84.72,"y":205.02,"rotation":0.54,"width":652,"height":624},"story03/broom02":{"x":7.21,"y":-431.8,"width":293,"height":414},"story03/umbrella02":{"x":184.53,"y":332.06,"rotation":-40.63,"width":218,"height":1213},"story06/wine_liquid":{"x":27.18,"y":111.3,"width":110,"height":170},"story07/lipstick01":{"x":3.96,"y":86.14,"rotation":26.58,"width":67,"height":180},"story08/ring":{"x":35.12,"y":114.67,"rotation":18.59,"width":65,"height":69},"story09/birthday_cake":{"x":-19.12,"y":243.14,"rotation":2.82,"width":410,"height":466},"story09/fireex02":{"x":88.65,"y":292.44,"rotation":20.64,"width":217,"height":111},"story09/gift_box_cap":{"x":-166.8,"y":-5.14,"rotation":82.18,"width":548,"height":274},"story09/weight_front":{"x":122.4,"y":-450.62,"rotation":104.16,"width":426,"height":473}},"b_tool3":{"story06/cherry":{"x":117.07,"y":226.28,"width":130,"height":117},"story09/weight_sitck":{"x":10.02,"y":105.18,"rotation":-78.04,"width":943,"height":44}},"b_up_arm":{"story05/b_up_arm":{"x":118.26,"y":-2.69,"rotation":86.37,"width":177,"height":406}},"b_up_leg":{"story05/f_up_leg2":{"path":"story05/f_up_leg","x":145.68,"y":15.45,"rotation":88.63,"width":185,"height":451}},"face":{"face":{"x":154.62,"y":-12.95,"rotation":-89.08,"width":320,"height":403}},"f_eye":{"f_eye":{"x":16.6,"y":-127.45,"rotation":-89.08,"width":99,"height":99}},"f_eyebrown":{"f_eyebrown":{"x":43.67,"y":7.73,"rotation":-173.88,"width":97,"height":39}},"f_hand":{"f_hand":{"x":77.75,"y":18.96,"rotation":81.87,"width":140,"height":208}},"f_low_arm":{"f_low_arm":{"x":122.8,"y":6.12,"rotation":86.68,"width":119,"height":337}},"f_low_leg":{"story05/f_low_leg":{"x":123.73,"y":-17.19,"rotation":92.61,"width":142,"height":372}},"f_pup":{"f_pup":{"x":1.01,"y":1.58,"rotation":-89.08,"width":24,"height":24}},"f_shoe":{"story05/f_feet":{"x":42.9,"y":22.43,"rotation":29.61,"width":229,"height":164}},"f_up_arm":{"story05/f_up_arm":{"x":124.17,"y":-2.84,"rotation":97.29,"width":177,"height":406}},"f_up_leg":{"story05/f_up_leg":{"x":142.07,"y":-9.32,"rotation":91.59,"width":185,"height":451}},"hair":{"hair":{"x":296.23,"y":-9.74,"rotation":-89.08,"width":338,"height":271}},"mask":{"mask":{"type":"clipping","end":"b_tool02","vertexCount":4,"vertices":[-1257.68,1162.88,511.92,1194.48,511.92,-1030.16,-1320.88,-1080.72],"color":"ce3a3aff"},"mask2":{"type":"clipping","end":"b_tool02","vertexCount":10,"vertices":[475.94,-1233.64,533.07,-1237.87,1494.26,-958.92,1068.8,22.81,-410.4,-18.21,-834.41,-821.54,-786.28,-1698.92,-434.59,-2013.59,527.93,-2117.24,654.35,-1542.5],"color":"ce3a3aff"}},"mouth":{"mouth01":{"x":0.51,"y":-0.49,"rotation":-89.08,"width":103,"height":55}},"nose":{"nose":{"x":15.7,"y":-10.65,"rotation":-89.08,"width":64,"height":115}},"spray/smoke2":{"spray/smoke":{"x":10.21,"y":-6.8,"width":296,"height":274},"spray/smoke02":{"width":296,"height":274}},"spray/smoke3":{"spray/smoke":{"x":10.21,"y":-6.8,"rotation":161.59,"width":296,"height":274},"spray/smoke2":{"path":"spray/smoke02","width":296,"height":274}},"spray/smoke4":{"spray/smoke":{"x":10.21,"y":-6.8,"rotation":-67.29,"width":296,"height":274},"spray/smoke3":{"path":"spray/smoke02","width":296,"height":274}},"spray/smoke5":{"spray/smoke":{"x":10.21,"y":-6.8,"rotation":-32.07,"width":296,"height":274},"spray/smoke4":{"path":"spray/smoke02","width":296,"height":274}},"spray/smoke6":{"spray/smoke":{"x":10.21,"y":-6.8,"rotation":107.64,"width":296,"height":274},"spray/smoke5":{"path":"spray/smoke02","width":296,"height":274}}}}],"animations":{"level87_a":{"slots":{"body":{"attachment":[{"name":"story05/swim_body"}]},"b_low_leg":{"attachment":[{"name":"story05/f_low_leg2"}]},"b_shoe":{"attachment":[{"name":"story05/f_feet2"}]},"b_up_arm":{"attachment":[{"name":"story05/b_up_arm"}]},"b_up_leg":{"attachment":[{"name":"story05/f_up_leg2"}]},"f_low_leg":{"attachment":[{"name":"story05/f_low_leg"}]},"f_shoe":{"attachment":[{"name":"story05/f_feet"}]},"f_up_arm":{"attachment":[{"name":"story05/f_up_arm"}]},"f_up_leg":{"attachment":[{"name":"story05/f_up_leg"}]}},"bones":{"f_up_arm":{"rotate":[{"angle":-0.58},{"time":1,"angle":7.83},{"time":2,"angle":-0.58}],"translate":[{"x":3.02,"y":-7.95}]},"f_low_arm":{"rotate":[{"angle":37.19},{"time":0.1333,"angle":37.67},{"time":1.1333,"angle":40.71},{"time":2,"angle":37.19}],"translate":[{"x":34.35,"y":-11.02}]},"b_hand":{"rotate":[{"angle":14.94}]},"b_up_arm":{"rotate":[{"angle":-55.16}],"scale":[{"x":-1}]},"b_low_arm":{"rotate":[{"angle":-108.2}],"translate":[{"x":55.07,"y":-0.21}]},"hip":{"translate":[{"y":-44.75}]},"f_hand":{"rotate":[{"angle":-2.56},{"time":0.2667},{"time":1.2667,"angle":-9.6},{"time":2,"angle":-2.56}]},"f_pup":{"translate":[{"x":5.14,"y":-22.41,"curve":"stepped"},{"time":0.3333,"x":5.14,"y":-22.41},{"time":0.6,"x":-4.16,"y":34.58,"curve":"stepped"},{"time":1.3333,"x":-4.16,"y":34.58},{"time":1.6667,"x":5.14,"y":-22.41}],"scale":[{"x":0.98}]},"b_pup":{"translate":[{"x":3.17,"y":-23.07,"curve":"stepped"},{"time":0.3333,"x":3.17,"y":-23.07},{"time":0.6,"x":-1.5,"y":33.81,"curve":"stepped"},{"time":1.3333,"x":-1.5,"y":33.81},{"time":1.6667,"x":3.17,"y":-23.07}]},"spine01":{"rotate":[{"angle":-4.93}]},"b_leg":{"translate":[{"x":73.55}]},"f_leg":{"translate":[{"x":-80.6,"y":-22.97}]},"spine02":{"rotate":[{"angle":1.69}]},"head":{"rotate":[{"angle":-4.95}],"translate":[{"x":-1.22,"y":7}]},"b_cover_arm":{"translate":[{"x":-11.76,"y":-13.28}]},"b_cover_leg":{"translate":[{"x":-10.33}]},"b_shoe":{"translate":[{"y":16.51}]},"f_shoe":{"translate":[{"y":28.96}]}},"drawOrder":[{"offsets":[{"slot":"f_up_leg","offset":4}]}]},"level87_b":{"slots":{"body":{"attachment":[{"name":"story05/swim_body"}]},"b_low_leg":{"attachment":[{"name":"story05/f_low_leg2"}]},"b_shoe":{"attachment":[{"name":"story05/f_feet2"}]},"b_up_arm":{"attachment":[{"name":"story05/b_up_arm"}]},"b_up_leg":{"attachment":[{"name":"story05/f_up_leg2"}]},"f_low_leg":{"attachment":[{"name":"story05/f_low_leg"}]},"f_shoe":{"attachment":[{"name":"story05/f_feet"}]},"f_up_arm":{"attachment":[{"name":"story05/f_up_arm"}]},"f_up_leg":{"attachment":[{"name":"story05/f_up_leg"}]}},"bones":{"f_up_arm":{"rotate":[{"angle":-24.01},{"time":1,"angle":-20.12},{"time":2,"angle":-24.01}]},"f_low_arm":{"rotate":[{"angle":68.08},{"time":0.1333,"angle":68.56},{"time":1.1333,"angle":88.41},{"time":2,"angle":68.08}],"translate":[{"x":52.72}]},"b_hand":{"rotate":[{"angle":18.96},{"time":0.2667,"angle":14.94},{"time":1.2667,"angle":30.02},{"time":2,"angle":18.96}]},"b_up_arm":{"rotate":[{"angle":36.17},{"time":1,"angle":35.78},{"time":2,"angle":36.17}]},"b_low_arm":{"rotate":[{"angle":-86.05}],"translate":[{"x":46.69,"y":3.12}]},"hip":{"translate":[{"x":76.91,"y":-70.12},{"time":1,"x":47.4,"y":-87.93},{"time":2,"x":76.91,"y":-70.12}]},"f_shoe":{"rotate":[{"angle":-30.25}]},"f_hand":{"rotate":[{"angle":-2.56},{"time":0.2667},{"time":1.2667,"angle":-9.6},{"time":2,"angle":-2.56}]},"f_pup":{"translate":[{"x":0.38,"y":-20.84}],"scale":[{"x":0.98}]},"b_pup":{"translate":[{"x":0.32,"y":-19.9}]},"spine01":{"rotate":[{"angle":7.07}],"translate":[{"x":7.46,"y":-17.41}]},"b_leg":{"translate":[{"x":244.6,"y":-29.2}]},"f_leg":{"translate":[{"x":-71.85,"y":-27.07}]},"spine02":{"rotate":[{"angle":1.69}]},"b_tool":{"rotate":[{"angle":42.53}]},"f_eyebrown":{"rotate":[{"angle":33.02}],"translate":[{"x":22.33,"y":31.62}]},"b_eyebrown":{"rotate":[{"angle":-14.4}],"translate":[{"x":21.66,"y":-1.54}]},"b_cover_leg":{"translate":[{"y":-8.27}]}},"drawOrder":[{"offsets":[{"slot":"f_up_leg","offset":4}]}]}}}