{"skeleton":{"hash":"nREUgJSF6Es","spine":"3.8-from-4.0.64","x":-226.6,"y":-4.27,"width":337.9,"height":813.48,"images":"./source/New Girl/images/","audio":""},"bones":[{"name":"root","scaleX":0.5,"scaleY":0.5},{"name":"all","parent":"root","y":-30.41},{"name":"hip","parent":"all","x":8.45,"y":823.53},{"name":"b_up_leg","parent":"hip","length":330.2,"rotation":-94.46,"x":49.52,"y":-73.36},{"name":"b_low_leg","parent":"b_up_leg","length":333.79,"rotation":4.14,"x":328.85,"y":-0.11},{"name":"f_up_leg","parent":"hip","length":341.47,"rotation":-94.93,"x":-79.97,"y":-62.88},{"name":"f_low_leg","parent":"f_up_leg","length":341.13,"rotation":4.62,"x":337.82,"y":-0.32},{"name":"spine01","parent":"hip","length":132.36,"rotation":94.1,"x":0.9,"y":0.49},{"name":"spine02","parent":"spine01","length":245.74,"rotation":-2.86,"x":132.36},{"name":"f_up_arm","parent":"spine02","length":246.23,"rotation":173.72,"x":176.54,"y":141.3},{"name":"f_low_arm","parent":"f_up_arm","length":165.23,"rotation":-57.84,"x":246.23},{"name":"f_hand","parent":"f_low_arm","length":101.57,"rotation":-12.83,"x":164.58,"y":0.8},{"name":"b_up_arm","parent":"spine02","length":243.28,"rotation":-175.21,"x":171.26,"y":-85.44},{"name":"b_low_arm","parent":"b_up_arm","length":161.16,"rotation":-1.48,"x":243.08,"y":1.87},{"name":"b_hand","parent":"b_low_arm","length":123.65,"rotation":16.22,"x":161.16},{"name":"head","parent":"spine02","length":314.95,"rotation":0.97,"x":240.51,"y":-0.93},{"name":"f_eye","parent":"head","x":171.05,"y":-27.37},{"name":"f_eyelid","parent":"f_eye","x":32.02,"y":-24.1},{"name":"f_pup","parent":"f_eye","x":1.93,"y":-37.06},{"name":"b_eye","parent":"head","x":170.81,"y":-138.32},{"name":"b_eyelid","parent":"b_eye","x":34.71,"y":-24.2},{"name":"b_pup","parent":"b_eye","x":2.79,"y":-32.39},{"name":"f_eye_brown","parent":"head","length":83.82,"rotation":99.37,"x":240.71,"y":-79.15},{"name":"b_eye_brown","parent":"head","length":55.61,"rotation":-103.31,"x":239.88,"y":-140.36},{"name":"mouth","parent":"head","x":73.01,"y":-82.94,"scaleX":0.9131,"scaleY":0.9131},{"name":"nose","parent":"head","x":148.86,"y":-116.12},{"name":"f_shoe","parent":"f_low_leg","length":108.83,"rotation":-15.87,"x":337.21,"y":-0.8,"transform":"noRotationOrReflection"},{"name":"b_shoe","parent":"b_low_leg","length":108.48,"rotation":-14.45,"x":331.79,"y":0.96,"transform":"noRotationOrReflection"},{"name":"f_leg","parent":"root","x":-110.14,"y":46.62,"color":"ff3f00ff"},{"name":"b_leg","parent":"root","x":33.38,"y":56.73,"color":"ff3f00ff"},{"name":"f_tool","parent":"f_hand","rotation":38.76,"x":59.19,"y":0.84,"color":"abe323ff"},{"name":"sweat","parent":"head","rotation":25.31,"x":676.38,"y":-1145.71,"scaleX":1.5,"scaleY":1.5},{"name":"sweat4","parent":"sweat","x":-49.65,"y":108.69},{"name":"sweat2","parent":"sweat4","length":37.47,"rotation":156.93,"x":8.09,"y":21.45},{"name":"sweat3","parent":"sweat","x":-254.28,"y":-15.14},{"name":"sweat02","parent":"sweat3","length":43.19,"rotation":-146.92,"x":-20.87,"y":4.87},{"name":"sweat5","parent":"sweat","x":-235.28,"y":18.17},{"name":"sweat03","parent":"sweat5","length":34.12,"rotation":-115.27,"x":-6.57,"y":-1.32},{"name":"sweat04","parent":"sweat","length":48.28,"rotation":-131.33,"x":-99.5,"y":-91.08},{"name":"b_tool","parent":"b_hand","rotation":-13.31,"x":121.46,"y":-1.83},{"name":"mask","parent":"root","x":455.66,"y":883.29},{"name":"vaccum","parent":"all","x":961.01,"y":37.98},{"name":"vaccum2","parent":"vaccum","x":-59.58,"y":182.63},{"name":"vaccum3","parent":"vaccum","x":-477.92,"y":411.23},{"name":"vaccum4","parent":"vaccum2","length":485.73,"rotation":111.64,"x":191.04,"y":-57.8},{"name":"vaccum5a","parent":"vaccum4","length":195.55,"rotation":0.37,"x":485.73},{"name":"vaccum5b","parent":"vaccum5a","length":195.55,"x":195.55},{"name":"vaccum5","parent":"f_tool","rotation":126.94,"x":-895.53,"y":1341.12,"color":"ff3f00ff"},{"name":"vaccum6","parent":"vaccum","length":642.95,"rotation":-63.56,"x":273.65,"y":642.54,"color":"ff3f00ff"},{"name":"float","parent":"hip"},{"name":"dress","parent":"hip","x":-5.81,"y":-39.31},{"name":"hip2","parent":"dress","length":114.86,"rotation":-106.39,"x":-125.69,"y":38.07},{"name":"hip3","parent":"hip2","length":92.86,"rotation":-0.42,"x":114.86},{"name":"hip4","parent":"dress","length":126.22,"rotation":-79.43,"x":91,"y":35.3},{"name":"hip5","parent":"hip4","length":91.09,"rotation":6.58,"x":126.22}],"slots":[{"name":"hat_back","bone":"head"},{"name":"story07/rain_coat02","bone":"spine02"},{"name":"float02","bone":"float"},{"name":"backpack","bone":"spine02"},{"name":"b_cover_arm","bone":"b_up_arm","attachment":"b_cover_arm"},{"name":"b_up_arm","bone":"b_up_arm","attachment":"b_up_arm"},{"name":"b_low_arm","bone":"b_low_arm","attachment":"b_low_arm"},{"name":"story08/dress_b_up_arm","bone":"b_up_arm"},{"name":"b_hand","bone":"b_hand","attachment":"b_hand"},{"name":"b_hair","bone":"head","attachment":"b_hair"},{"name":"b_low_leg","bone":"b_low_leg","attachment":"b_low_leg"},{"name":"b_hand_cover","bone":"b_hand"},{"name":"b_up_leg","bone":"b_up_leg","attachment":"b_up_leg"},{"name":"cover_b_leg","bone":"b_low_leg","attachment":"cover_b_leg"},{"name":"cover_back","bone":"f_up_leg","attachment":"cover_back"},{"name":"b_shoe","bone":"b_shoe"},{"name":"sandal2","bone":"b_shoe"},{"name":"f_low_leg","bone":"f_low_leg","attachment":"f_low_leg"},{"name":"backpack_hold01","bone":"spine02"},{"name":"body","bone":"all","attachment":"body"},{"name":"mask02","bone":"mask"},{"name":"f_up_leg","bone":"f_up_leg","attachment":"f_up_leg"},{"name":"cover_f_leg","bone":"f_low_leg","attachment":"cover_f_leg"},{"name":"f_shoe","bone":"f_shoe"},{"name":"sandal","bone":"f_shoe"},{"name":"bottom","bone":"hip"},{"name":"top","bone":"spine02"},{"name":"coat","bone":"hip"},{"name":"face","bone":"head","attachment":"face"},{"name":"f_hair","bone":"head","attachment":"f_hair"},{"name":"f_eye","bone":"f_eye","attachment":"f_eye"},{"name":"b_eye","bone":"b_eye","attachment":"b_eye"},{"name":"f_hair2","bone":"head","attachment":"f_hair2"},{"name":"mouth","bone":"mouth","attachment":"mouth01"},{"name":"f_pup","bone":"f_pup","attachment":"f_pup"},{"name":"b_pup","bone":"b_pup","attachment":"b_pup"},{"name":"f_eyelid","bone":"f_eyelid","attachment":"f_eyelid"},{"name":"b_eyelid","bone":"b_eyelid","attachment":"b_eyelid"},{"name":"nose","bone":"nose","attachment":"nose"},{"name":"f_eye_brown","bone":"f_eye_brown","attachment":"f_eye_brown"},{"name":"b_eye_brown","bone":"b_eye_brown","attachment":"b_eye_brown"},{"name":"mask","bone":"mask"},{"name":"l_tool02","bone":"f_tool"},{"name":"l_tool2","bone":"b_tool"},{"name":"hat","bone":"head"},{"name":"vaccum","bone":"vaccum"},{"name":"story03/vaccum02","bone":"vaccum6"},{"name":"story03/vaccum03","bone":"vaccum"},{"name":"l_tool01","bone":"f_tool"},{"name":"l_tool1","bone":"b_tool"},{"name":"f_cover_arm","bone":"f_up_arm","attachment":"f_cover_arm"},{"name":"backpack_hold","bone":"spine02"},{"name":"f_up_hand","bone":"f_up_arm","attachment":"f_up_hand"},{"name":"cover","bone":"spine02","attachment":"cover"},{"name":"f_low_hand","bone":"f_low_arm","attachment":"f_low_hand"},{"name":"dress_mask","bone":"hip"},{"name":"dress","bone":"all"},{"name":"story08/dress_f_up_arm","bone":"f_up_arm"},{"name":"f_hand","bone":"f_hand","attachment":"f_hand"},{"name":"glass02","bone":"head"},{"name":"glass2","bone":"head","color":"4927ffff"},{"name":"glass01","bone":"head"},{"name":"sweat04","bone":"sweat04"},{"name":"sweat03","bone":"sweat03"},{"name":"sweat02","bone":"sweat02"},{"name":"sweat01","bone":"sweat2"},{"name":"story03/vaccum04","bone":"vaccum3"},{"name":"story03/vaccum05","bone":"vaccum3"},{"name":"story03/vaccum01","bone":"vaccum2"},{"name":"float01","bone":"float"},{"name":"head","bone":"head"},{"name":"glass","bone":"head"},{"name":"apron","bone":"spine02"},{"name":"story07/rain_coat01","bone":"spine02"}],"ik":[{"name":"b_leg","order":3,"bones":["b_up_leg","b_low_leg"],"target":"b_leg","bendPositive":false},{"name":"f_leg","bones":["f_up_leg","f_low_leg"],"target":"f_leg","bendPositive":false},{"name":"vaccum","order":1,"bones":["vaccum5a","vaccum5b"],"target":"vaccum5","bendPositive":false}],"transform":[{"name":"f_tool","order":2,"bones":["vaccum6"],"target":"f_tool","rotateMix":0,"translateMix":0,"scaleMix":0,"shearMix":0}],"skins":[{"name":"default","attachments":{"body":{"body":{"type":"mesh","uvs":[0.42895,0.00148,0.49054,0.01041,0.55605,0.02986,0.61547,0.05723,0.64715,0.08953,0.64273,0.14748,0.60433,0.1618,0.59245,0.18553,0.7892,0.24215,0.81365,0.25609,0.79815,0.26983,0.83063,0.32363,0.93908,0.38066,0.97855,0.417,1,0.45193,1,0.45322,0.99356,0.48778,0.96996,0.51294,0.90579,0.54946,0.79556,0.56453,0.77722,0.58676,0.75765,0.61048,0.75163,0.61981,0.82818,0.72574,0.8483,0.79588,0.83243,0.82427,0.7569,0.86313,0.68087,0.88374,0.5569,0.89822,0.48734,0.89951,0.47376,0.91408,0.4392,0.95221,0.3765,0.98107,0.28717,0.9979,0.23395,0.99903,0.15958,0.97873,0.09228,0.94197,0.07339,0.92585,0.0577,0.88035,0.0588,0.82245,0.08228,0.77221,0.11299,0.73431,0.19967,0.64263,0.20382,0.62882,0.19126,0.59438,0.18017,0.56394,0.16538,0.54998,0.08408,0.48107,0.04553,0.44053,0.0054,0.3765,0.00524,0.30651,0.02582,0.26504,0.12139,0.22226,0.32153,0.18059,0.34072,0.15214,0.32246,0.11189,0.30396,0.09248,0.26812,0.06493,0.28297,0.02818,0.32141,0.00768,0.35482,0.00139,0.60934,0.61345],"triangles":[10,20,61,10,61,44,47,53,7,45,10,44,19,20,10,45,7,10,19,17,18,19,10,11,8,10,7,53,54,7,7,45,46,7,46,47,52,53,48,13,17,19,12,19,11,16,17,15,12,13,19,15,17,13,53,47,48,13,14,15,48,49,52,51,52,50,52,49,50,10,8,9,7,54,6,2,6,55,2,55,1,1,55,0,60,0,56,5,6,4,6,2,3,6,54,55,4,6,3,0,55,56,60,56,59,57,58,56,56,58,59,34,35,33,33,35,32,31,32,30,30,32,35,30,35,36,30,36,38,36,37,38,29,30,39,61,28,29,39,30,38,29,39,40,29,40,41,29,41,42,61,29,42,28,61,27,61,42,43,26,27,23,23,27,61,25,26,24,22,23,61,24,26,23,43,44,61,22,61,21,21,61,20],"vertices":[1,8,371.17,11.68,1,1,8,364.87,-10.24,1,1,8,351.68,-33.41,1,1,8,333.38,-54.29,1,1,8,312.08,-65.18,1,1,8,274.34,-62.77,1,1,8,265.3,-48.83,1,1,8,249.93,-44.24,1,2,7,337.9,-124.27,0,8,211.49,-113.86,1,2,7,328.21,-132.36,3.2E-4,8,202.21,-122.41,0.99968,2,7,319.67,-126.18,0.00169,8,193.38,-116.67,0.99831,2,7,283.85,-135.27,0.00529,8,158.06,-127.53,0.99471,2,7,243.98,-171.33,0.01137,8,120.04,-165.55,0.98863,2,7,219.34,-183.73,0.01953,8,96.05,-179.16,0.98047,2,7,196.07,-189.76,0.02863,8,73.11,-186.34,0.97137,2,7,195.24,-189.7,0.04031,8,72.27,-186.32,0.95969,2,7,172.92,-185.79,0.06272,8,49.79,-183.53,0.93728,2,7,157.17,-176.19,0.10985,8,33.58,-174.73,0.89015,2,7,135.06,-151.57,0.20672,8,10.27,-151.25,0.79328,2,7,128.09,-111.5,0.3518,8,1.3,-111.58,0.6482,2,7,114.09,-103.92,0.53767,8,-13.05,-104.7,0.46233,2,7,99.17,-95.82,0.66031,8,-28.36,-97.36,0.33969,2,7,93.26,-93.24,0.78493,8,-34.39,-95.07,0.21507,2,7,22.41,-115.63,0.88584,8,-104.04,-120.97,0.11416,2,7,-23.72,-119.54,0.95844,8,-149.91,-127.18,0.04156,2,7,-41.78,-112.55,0.99014,8,-168.3,-121.1,0.00986,2,7,-65.11,-83.77,0.99986,8,-193.04,-93.52,1.4E-4,1,7,-76.57,-55.66,1,1,7,-82.81,-10.71,1,1,7,-81.87,14.19,1,1,7,-90.99,19.71,1,1,7,-114.91,33.83,1,1,7,-132.07,57.57,1,1,7,-140.73,90.25,1,1,7,-140.09,109.31,1,1,7,-124.99,134.92,1,1,7,-99.36,157.24,1,2,7,-88.39,163.23,1,8,-228.62,152.01,0,2,7,-58.4,166.71,0.99981,8,-198.84,156.98,1.9E-4,2,7,-20.77,163.61,0.99343,8,-161.1,155.77,0.00657,2,7,11.3,152.89,0.9719,8,-128.54,146.65,0.0281,2,7,35.16,140.15,0.91896,8,-104.07,135.13,0.08104,2,7,92.56,104.92,0.83669,8,-44.98,102.8,0.16331,2,7,101.43,102.8,0.72052,8,-36.01,101.12,0.27948,2,7,124.15,105.67,0.58464,8,-13.47,105.13,0.41536,2,7,144.23,108.21,0.41238,8,6.46,108.67,0.58762,2,7,153.69,112.84,0.25602,8,15.68,113.77,0.74398,2,7,200.59,138.66,0.13429,8,61.23,141.89,0.86571,2,7,227.94,150.53,0.05765,8,87.95,155.12,0.94235,2,7,270.61,161.88,0.01899,8,130,168.58,0.98101,2,7,316.13,158.66,0.00376,8,175.63,167.64,0.99624,2,7,342.57,149.38,6.4E-4,8,202.5,159.69,0.99936,2,7,367.95,113.26,2.0E-5,8,229.64,124.88,0.99998,1,8,255.25,52.66,1,1,8,273.64,45.39,1,1,8,300.02,51.35,1,1,8,312.82,57.7,1,1,8,331.06,70.14,1,1,8,354.89,64.31,1,1,8,367.96,50.26,1,1,8,371.8,38.21,1,2,7,101.04,-42.73,0.57486,8,-29.14,-44.24,0.42514],"hull":61,"edges":[0,120,0,2,2,4,4,6,6,8,8,10,10,12,12,14,14,16,16,18,18,20,20,22,22,24,24,26,26,28,28,30,30,32,32,34,34,36,36,38,42,44,44,46,46,48,48,50,50,52,52,54,54,56,56,58,58,60,60,62,62,64,64,66,66,68,68,70,70,72,72,74,74,76,76,78,78,80,80,82,82,84,84,86,90,92,92,94,94,96,96,98,98,100,100,102,102,104,104,106,106,108,108,110,110,112,112,114,114,116,116,118,118,120,86,88,88,90,88,122,38,40,40,42,122,40],"width":358,"height":652}},"b_cover_arm":{"b_cover_arm":{"x":246.01,"y":-1.19,"rotation":83.97,"width":75,"height":75}},"b_eye":{"b_eye":{"x":6.44,"y":-22.63,"rotation":-92.21,"width":94,"height":94}},"b_eyelid":{"b_eyelid":{"x":-5.21,"y":-10.32,"rotation":-92.21,"width":114,"height":55},"b_eyelid01":{"x":-28.96,"y":0.63,"rotation":-92.21,"width":94,"height":94},"b_eyelid02":{"x":-27.46,"y":2.28,"rotation":-92.21,"width":86,"height":92},"b_eyelid03":{"x":-6.99,"y":0.26,"rotation":-92.21,"width":92,"height":45},"b_eyelid04":{"x":-56.86,"y":2.99,"rotation":-92.21,"width":88,"height":32}},"b_eye_brown":{"b_eyebrown01":{"x":20.65,"y":-4.06,"rotation":-19.77,"width":68,"height":42},"b_eye_brown":{"x":26.22,"y":-1.26,"rotation":11.1,"width":69,"height":27}},"b_hair":{"b_hair":{"x":251.42,"y":127.41,"rotation":-92.21,"width":238,"height":412}},"b_hand":{"b_hand":{"x":60.19,"y":-4.07,"rotation":73.28,"width":83,"height":133},"b_hand02":{"x":71.85,"y":-12.76,"rotation":25.02,"width":145,"height":91},"b_hand03":{"x":57.35,"y":-2.55,"rotation":-78.87,"width":132,"height":116},"b_hand04":{"x":66.23,"y":-20.55,"rotation":-44.47,"width":152,"height":119},"b_hand05":{"x":39.69,"y":-21.08,"rotation":77.96,"width":114,"height":105},"b_hand06":{"x":77.35,"y":4.14,"rotation":-40.17,"width":146,"height":135}},"b_hand_cover":{"b_hand06_cover":{"x":70.48,"y":3.76,"rotation":-31.39,"width":146,"height":135}},"b_low_arm":{"b_low_arm":{"x":80.78,"y":4.12,"rotation":95.55,"width":77,"height":222}},"b_low_leg":{"b_low_leg":{"x":158.06,"y":-12.33,"rotation":90.31,"width":107,"height":375}},"b_pup":{"b_pup":{"x":0.24,"y":-1.12,"rotation":-92.21,"width":24,"height":24}},"b_shoe":{"story05/swim_feet2":{"path":"story05/swim_feet","x":36.59,"y":-6.03,"rotation":14.45,"width":180,"height":99}},"b_up_arm":{"b_up_arm":{"x":103.28,"y":-0.69,"rotation":83.97,"width":106,"height":305}},"b_up_leg":{"b_up_leg":{"x":142.26,"y":10.91,"rotation":94.46,"width":165,"height":457}},"coat":{"story05/towel":{"x":-3.48,"y":-28.33,"width":371,"height":564}},"cover":{"cover":{"x":159.75,"y":111.85,"rotation":-91.24,"width":66,"height":127}},"cover_back":{"cover_back":{"x":-32.84,"y":-45.52,"rotation":129.56,"width":123,"height":51}},"cover_b_leg":{"cover_b_leg":{"x":10.13,"y":-1.41,"rotation":94.48,"width":77,"height":77}},"cover_f_leg":{"cover_f_leg":{"x":7.83,"y":-1.77,"rotation":90.31,"width":77,"height":77}},"dress_mask":{"dress_mask":{"type":"clipping","end":"dress","vertexCount":13,"vertices":[-220.06,-3.05,-73.52,68.52,-59.89,-6.46,-5.36,61.7,25.31,-26.91,59.5,63.16,94.63,-5.16,135.62,108.06,332.78,4.6,711.28,2240.93,-738.59,2026.49,-1311.47,849.93,-954.19,-289.67],"color":"ce3a3aff"}},"face":{"face":{"x":180.88,"y":-27.99,"rotation":-92.21,"width":324,"height":379}},"f_cover_arm":{"f_cover_arm":{"x":246.28,"y":-2.09,"rotation":95.03,"width":75,"height":75}},"f_eye":{"f_eye":{"x":10.52,"y":-21.67,"rotation":-92.21,"width":94,"height":94}},"f_eyelid":{"f_eyelid":{"x":-3.65,"y":11.25,"rotation":-92.21,"width":113,"height":61},"f_eyelid01":{"x":-22.3,"y":2.83,"rotation":-103.31,"width":94,"height":94},"f_eyelid02":{"x":-22.3,"y":2.83,"rotation":90,"width":86,"height":92},"f_eyelid03":{"x":0.61,"y":2.54,"rotation":-90.5,"width":92,"height":45},"f_eyelid04":{"x":-50.68,"y":4.18,"rotation":-91.61,"width":88,"height":32}},"f_eye_brown":{"f_eyebrown01":{"x":39.97,"y":-3.67,"rotation":-158.91,"width":76,"height":47},"f_eye_brown":{"x":41.65,"y":2.44,"rotation":168.42,"width":99,"height":39}},"f_hair":{"f_hair":{"x":277.77,"y":-58.75,"rotation":-92.21,"width":358,"height":261}},"f_hair2":{"f_hair2":{"x":244.43,"y":37.11,"rotation":-92.21,"width":161,"height":181}},"f_hand":{"f_hand":{"x":60.75,"y":20.42,"rotation":104.41,"width":97,"height":144},"f_hand02":{"x":60.53,"y":-22.34,"rotation":113.52,"width":145,"height":91},"f_hand03":{"x":61.92,"y":42.18,"rotation":25.6,"width":145,"height":129},"f_hand04":{"x":67.22,"y":-9,"rotation":-165.59,"width":152,"height":119},"f_hand05":{"x":29.99,"y":15.67,"rotation":96.28,"width":114,"height":105},"f_hand06":{"x":70.82,"y":21.89,"rotation":-12.89,"width":133,"height":109}},"f_low_hand":{"f_low_hand":{"x":81.59,"y":6.77,"rotation":96.7,"width":77,"height":222}},"f_low_leg":{"f_low_leg":{"x":158.11,"y":-11.97,"rotation":90.31,"width":107,"height":375}},"f_pup":{"f_pup":{"x":0.05,"y":1.72,"rotation":-92.21,"width":24,"height":24},"heart_pup2":{"path":"heart_pup","x":0.08,"y":2.01,"rotation":-91.38,"width":70,"height":70}},"f_shoe":{"story05/swim_feet":{"x":40.98,"y":-5.63,"rotation":15.87,"width":180,"height":99}},"f_up_hand":{"f_up_hand":{"x":103.47,"y":0.89,"rotation":95.03,"width":108,"height":305}},"f_up_leg":{"f_up_leg":{"x":149.47,"y":7.71,"rotation":94.93,"width":165,"height":457}},"glass01":{"asset/glass01":{"x":194.31,"y":-115.89,"rotation":-88.95,"width":343,"height":108}},"glass02":{"asset/glass02":{"color":"ff1111ff","x":192.8,"y":-202.5,"rotation":92.06,"width":129,"height":82}},"hat_back":{"story08/hat_cute_back":{"x":186.79,"y":-37.23,"rotation":-137.05,"width":406,"height":237}},"head":{"head":{"type":"clipping","end":"glass","vertexCount":5,"vertices":[506.88,-112.76,-89.23,-125,-870.62,455.95,-241.13,918.43,703.29,994.09],"color":"ce3a3aff"}},"l_tool1":{"asset/bag":{"width":422,"height":392},"asset/coke01":{"x":0.5,"y":0.5,"width":211,"height":335},"Story02/ice_cream01":{"y":0.5,"rotation":-26.4,"width":128,"height":223},"Story02/meat_stick":{"x":55.76,"y":204.82,"rotation":74.4,"width":589,"height":52},"story03/ticket2":{"path":"story03/ticket","x":-4.66,"y":89.98,"rotation":-5.84,"width":305,"height":273},"story05/kite01":{"x":-71.39,"y":22.38,"scaleX":2,"scaleY":2,"rotation":173.46,"width":91,"height":1025},"story05/tissue":{"x":157.39,"y":-61.77,"rotation":68.08,"width":233,"height":399},"story07/lipstick02":{"x":-55.97,"y":78.01,"rotation":13.31,"width":50,"height":160},"story08/dress_bag":{"x":-30.15,"y":-1.09,"rotation":-1.29,"width":362,"height":376},"story09/egg":{"x":-88.41,"y":291.3,"rotation":118.97,"width":368,"height":70},"story09/water_bottle":{"x":164.39,"y":-123.51,"scaleX":-1,"rotation":14.75,"width":238,"height":174}},"l_tool01":{"asset/bag":{"x":194.38,"y":42.43,"rotation":95.31,"width":422,"height":392},"asset/coke01":{"x":0.5,"y":0.5,"width":211,"height":335},"story03/broom01":{"x":18.58,"y":-19.39,"rotation":41.48,"width":43,"height":524},"story03/ticket":{"x":0.5,"y":0.5,"width":305,"height":273}},"l_tool2":{"asset/coke02":{"x":2.77,"y":158.55,"rotation":26.68,"width":22,"height":250},"Story02/ice_cream02":{"x":81.12,"y":170.1,"rotation":-23.03,"width":152,"height":242},"Story02/meat01":{"x":80.4,"y":256.78,"rotation":72.2,"width":371,"height":105},"story05/kite02":{"x":-156.81,"y":890.57,"rotation":-33.96,"width":602,"height":810},"story07/lipstick01":{"x":-35.46,"y":-3.72,"rotation":13.31,"width":67,"height":180},"story09/bottle":{"x":108.16,"y":1.2,"scaleX":-1,"rotation":14.75,"width":329,"height":487},"story09/pan":{"x":-41.87,"y":201.36,"rotation":118.18,"width":670,"height":244}},"l_tool02":{"asset/coke02":{"x":2.77,"y":158.55,"rotation":26.68,"width":22,"height":250},"story03/broom02":{"x":312.08,"y":-339.95,"rotation":41.48,"width":293,"height":414}},"mask":{"mask":{"type":"clipping","end":"l_tool1","vertexCount":20,"vertices":[-475.81,1086.91,1242.04,1139.93,29.66,-263.75,24.65,-271.13,20.03,-276.94,9.7,-281.37,2.18,-283.56,-6.24,-280.38,-9.83,-272.67,-9.8,-264.99,2.27,-244.71,-29.18,-213.01,-106.94,-186.96,-111.96,-195.11,-119.84,-203.66,-131.47,-211.52,-140.72,-211.73,-145.67,-207.2,-145.76,-194.17,-140.32,-173.85],"color":"ce3a3aff"},"mask2":{"type":"clipping","end":"b_up_leg","vertexCount":7,"vertices":[-1034.19,-598.31,-832,-584.36,-110.4,-626.2,56.93,506.75,-281.21,778.66,-1194.54,715.91,-1159.68,-242.74],"color":"ce3a3aff"}},"mask02":{"mask02":{"type":"clipping","end":"f_up_leg","vertexCount":10,"vertices":[-1062.91,-723.14,-866.81,-1139.35,-146.45,-503.03,133.69,409.43,-266.51,637.54,-1122.94,537.49,-1371.06,-78.82,-1379.07,-174.87,-1243,-294.93,-1194.98,-603.08],"color":"ce3a3aff"}},"mouth":{"mouth01":{"rotation":-92.21,"width":126,"height":62},"mouth02":{"x":0.5,"y":-0.02,"rotation":-92.21,"width":92,"height":65},"mouth03":{"x":-0.02,"y":-0.5,"rotation":-92.21,"width":115,"height":96},"mouth04":{"x":-0.02,"y":-0.5,"rotation":-92.21,"width":115,"height":82}},"nose":{"nose":{"x":-2.82,"y":-10.6,"rotation":-92.21,"width":42,"height":55}},"story08/dress_b_up_arm":{"story08/dress_b_up_arm":{"x":136.39,"y":19.1,"rotation":83.97,"width":111,"height":354}},"story08/dress_f_up_arm":{"story08/dress_f_up_arm":{"x":131.54,"y":-13.97,"rotation":95.03,"width":111,"height":354}},"vaccum":{"vaccum":{"type":"clipping","end":"story03/vaccum02","vertexCount":9,"vertices":[465.81,132.13,482.48,154.28,501.76,166.42,545.31,187.84,560.31,209.26,488.16,1131.18,-242.16,1079.62,-534.28,583.44,-63.87,140.95],"color":"ce3a3aff"}}}}],"animations":{"level87_a":{"slots":{"b_eyelid":{"attachment":[{"name":null}]},"b_hand":{"attachment":[{"name":"b_hand03"}]},"b_shoe":{"attachment":[{"name":"story05/swim_feet2"}]},"coat":{"attachment":[{"name":"story05/towel"}]},"f_eyelid":{"attachment":[{"name":null}]},"f_hand":{"attachment":[{"name":"f_hand04"}]},"f_shoe":{"attachment":[{"name":"story05/swim_feet"}]},"mouth":{"attachment":[{"name":"mouth03"}]}},"bones":{"hip":{"translate":[{"y":-34.03},{"time":0.1333,"y":-29.05},{"time":1.1333,"y":-66.4},{"time":2,"y":-34.03}]},"head":{"rotate":[{},{"time":1,"angle":7.2},{"time":2}]},"f_up_arm":{"rotate":[{"angle":3.74},{"time":1,"angle":-3.2},{"time":2,"angle":3.74}]},"f_hand":{"rotate":[{"angle":-2.24},{"time":0.2667},{"time":1.2667,"angle":-8.4},{"time":2,"angle":-2.24}]},"f_pup":{"translate":[{"x":12.48,"y":-15.66}]},"b_pup":{"translate":[{"x":12.03,"y":-18.27}]},"b_low_arm":{"rotate":[{"angle":110.7},{"time":0.1333,"angle":108.84},{"time":1.1333,"angle":122.81},{"time":2,"angle":110.7}],"translate":[{"x":-2.71,"y":4.55}]},"b_up_arm":{"rotate":[{"angle":93.02},{"time":1,"angle":101.24},{"time":2,"angle":93.02}]},"b_hand":{"rotate":[{"angle":0.64},{"time":0.2667},{"time":1.2667,"angle":2.4},{"time":2,"angle":0.64}]},"f_low_arm":{"rotate":[{"angle":34.12},{"time":0.1667,"angle":34.89},{"time":1.1667,"angle":30.27},{"time":2,"angle":34.12}]},"f_shoe":{"translate":[{"y":5.42}]},"b_shoe":{"translate":[{"y":8}]}}},"level87_b":{"slots":{"b_shoe":{"attachment":[{"name":"story05/swim_feet2"}]},"coat":{"attachment":[{"name":"story05/towel"}]},"f_shoe":{"attachment":[{"name":"story05/swim_feet"}]}},"bones":{"f_low_arm":{"rotate":[{"angle":33.11}]},"b_low_arm":{"rotate":[{"angle":135.8},{"time":0.0667,"angle":133.94},{"time":0.5667,"angle":147.92},{"time":1,"angle":135.8}]},"head":{"rotate":[{},{"time":0.5,"angle":1.17},{"time":1}]},"f_up_arm":{"rotate":[{"angle":-345.7},{"time":0.5,"angle":-352.64},{"time":1,"angle":-345.7}]},"b_up_arm":{"rotate":[{"angle":93.02},{"time":0.5,"angle":101.24},{"time":1,"angle":93.02}]},"f_hand":{"rotate":[{"angle":-2.24},{"time":0.1333},{"time":0.6333,"angle":-8.4},{"time":1,"angle":-2.24}]},"b_hand":{"rotate":[{"angle":0.64},{"time":0.1333},{"time":0.6333,"angle":2.4},{"time":1,"angle":0.64}]},"f_pup":{"translate":[{"x":0.19,"y":-17.26}]},"b_pup":{"translate":[{"x":-0.8,"y":-20.44}]},"hip":{"translate":[{"y":-22.66},{"time":0.5,"y":-30.96},{"time":1,"y":-22.66}]},"f_shoe":{"translate":[{"y":3.93}]},"b_shoe":{"translate":[{"y":7.23}]}}}}}