{"skeleton":{"hash":"pcFT8RE+xeYxpiVXw5rAGrUccKs","spine":"3.8.99","x":-90.24,"y":-14.31,"width":172,"height":198.5,"images":"./gre_dag/","audio":"C:/Users/Admin/Desktop/StickTower/PA/Tranform"},"bones":[{"name":"root","x":51.2,"y":-29.26,"scaleX":0.5,"scaleY":0.5},{"name":"bone","parent":"root"}],"slots":[{"name":"Tranform","bone":"bone","color":"2c3fffff","attachment":"Comp 1_101"}],"skins":[{"name":"default","attachments":{"Tranform":{"Comp 1_101":{"x":-110.89,"y":228.39,"width":344,"height":397},"Comp 1_102":{"x":-56.89,"y":229.39,"width":440,"height":411},"Comp 1_103":{"x":-54.39,"y":249.39,"width":435,"height":397},"Comp 1_104":{"x":-60.89,"y":312.89,"width":430,"height":518},"Comp 1_105":{"x":-65.89,"y":355.89,"width":432,"height":588},"Comp 1_106":{"x":-62.39,"y":376.39,"width":431,"height":615},"Comp 1_107":{"x":-61.89,"y":382.89,"width":432,"height":614},"Comp 1_108":{"x":-67.39,"y":409.39,"width":457,"height":651},"Comp 1_109":{"x":-69.89,"y":472.39,"width":460,"height":755},"Comp 1_110":{"x":-67.89,"y":577.89,"width":466,"height":722},"Comp 1_111":{"x":-65.89,"y":582.39,"width":468,"height":705},"Comp 1_112":{"x":-61.39,"y":595.89,"width":473,"height":724},"Comp 1_113":{"x":-62.89,"y":604.39,"width":476,"height":741},"Comp 1_114":{"x":-61.89,"y":607.89,"width":476,"height":746},"Comp 1_115":{"x":-63.89,"y":591.89,"width":454,"height":710},"Comp 1_116":{"x":-68.39,"y":586.89,"width":441,"height":700},"Comp 1_117":{"x":-68.39,"y":685.39,"width":439,"height":501},"Comp 1_118":{"x":-68.89,"y":683.89,"width":438,"height":500},"Comp 1_119":{"x":-68.89,"y":682.89,"width":434,"height":496},"Layer 1":{"x":-133.89,"y":202.39,"width":248,"height":309}}}}],"events":{"tranfrom":{}},"animations":{"Tranform":{"slots":{"Tranform":{"attachment":[{"name":"Layer 1"},{"time":0.0333,"name":"Comp 1_101"},{"time":0.0667,"name":"Comp 1_102"},{"time":0.1,"name":"Comp 1_103"},{"time":0.1333,"name":"Comp 1_104"},{"time":0.1667,"name":"Comp 1_105"},{"time":0.2,"name":"Comp 1_106"},{"time":0.2333,"name":"Comp 1_107"},{"time":0.2667,"name":"Comp 1_108"},{"time":0.3,"name":"Comp 1_109"},{"time":0.3333,"name":"Comp 1_110"},{"time":0.4,"name":"Comp 1_111"},{"time":0.4333,"name":"Comp 1_112"},{"time":0.4667,"name":"Comp 1_113"},{"time":0.5,"name":"Comp 1_114"},{"time":0.5333,"name":"Comp 1_115"},{"time":0.5667,"name":"Comp 1_116"},{"time":0.6,"name":"Comp 1_117"},{"time":0.6333,"name":"Comp 1_118"},{"time":0.6667,"name":"Comp 1_119"},{"time":0.7333,"name":null}]}},"bones":{"bone":{"scale":[{"y":0.648}]}},"events":[{"time":0.2333,"name":"tranfrom","string":"tranfrom"}]}}}